Date,Name,Year,Letterboxd URI,Rating
2020-01-22,Spirited Away,2001,https://boxd.it/2b4m,4.5
2020-01-22,Apocalypse Now,1979,https://boxd.it/6ZS,4.5
2020-01-22,Alien,1979,https://boxd.it/2awY,5
2020-01-22,The Silence of the Lambs,1991,https://boxd.it/2aHW,4.5
2020-01-22,The Social Network,2010,https://boxd.it/17ue,4
2020-01-22,Insidious,2010,https://boxd.it/H4k,3
2020-01-22,Pan's Labyrinth,2006,https://boxd.it/28No,4.5
2020-01-22,Easy A,2010,https://boxd.it/17DK,2.5
2020-01-22,Jurassic Park,1993,https://boxd.it/2aA2,4
2020-01-22,Good Will Hunting,1997,https://boxd.it/2ahY,4.5
2020-01-22,Arrival,2016,https://boxd.it/aNGk,4.5
2020-01-22,Interstellar,2014,https://boxd.it/4VZ8,4
2020-01-22,Baby Driver,2017,https://boxd.it/bhF2,4
2020-01-25,Blindspotting,2018,https://boxd.it/hDMw,4
2020-01-25,BlacKkKlansman,2018,https://boxd.it/hxL8,3.5
2020-01-25,Kill Bill: Vol. 2,2004,https://boxd.it/2au4,4
2020-01-26,Silence,2016,https://boxd.it/2cAo,4
2020-01-26,You Were Never Really Here,2017,https://boxd.it/dWOS,4
2020-01-26,Star Wars: The Last Jedi,2017,https://boxd.it/5xme,3
2020-01-26,It Comes at Night,2017,https://boxd.it/eLuk,3.5
2020-01-26,Harry Potter and the Half-Blood Prince,2009,https://boxd.it/29FU,3
2020-01-26,Harry Potter and the Chamber of Secrets,2002,https://boxd.it/29QI,3.5
2020-01-26,Harry Potter and the Prisoner of Azkaban,2004,https://boxd.it/29Qy,4
2020-01-26,Star Wars: Episode III - Revenge of the Sith,2005,https://boxd.it/27US,3
2020-01-26,The Star Wars Holiday Special,1978,https://boxd.it/2yMw,0.5
2020-01-26,The Day After Tomorrow,2004,https://boxd.it/2aog,2.5
2020-01-26,X-Men: The Last Stand,2006,https://boxd.it/1a5Q,2
2020-01-26,X-Men: Apocalypse,2016,https://boxd.it/7eJi,2.5
2020-01-26,Zoom,2006,https://boxd.it/1OKa,2
2020-01-26,"Honey, I Shrunk the Kids",1989,https://boxd.it/1YTw,3
2020-01-26,Warrior,2011,https://boxd.it/i3G,4
2020-01-26,The Last Samurai,2003,https://boxd.it/29ZA,3
2020-01-27,Cast Away,2000,https://boxd.it/20i8,3.5
2020-01-27,Brokeback Mountain,2005,https://boxd.it/2b2q,4
2020-01-27,Garden State,2004,https://boxd.it/2asW,3.5
2020-01-30,Keanu,2016,https://boxd.it/brha,2.5
2020-02-03,Zootopia,2016,https://boxd.it/84xS,4
2020-02-07,12 Angry Men,1957,https://boxd.it/2auI,4.5
2020-02-07,Night at the Museum,2006,https://boxd.it/28wi,2
2020-02-07,Meet the Robinsons,2007,https://boxd.it/28Ym,3
2020-02-07,Tarzan,1999,https://boxd.it/18YO,3.5
2020-02-07,The Princess and the Frog,2009,https://boxd.it/1WQq,3.5
2020-02-08,Hostiles,2017,https://boxd.it/dpiO,3.5
2020-02-08,"O Brother, Where Art Thou?",2000,https://boxd.it/2b3I,4
2020-02-08,127 Hours,2010,https://boxd.it/SLa,2
2020-02-08,Zero Dark Thirty,2012,https://boxd.it/3n1w,3.5
2020-02-08,The Post,2017,https://boxd.it/fTeG,3
2020-02-09,Donnie Darko,2001,https://boxd.it/2b2A,3.5
2020-02-13,Mr. Smith Goes to Washington,1939,https://boxd.it/25Ms,4
2020-02-13,The Help,2011,https://boxd.it/EDm,4
2020-02-13,The Color Purple,1985,https://boxd.it/29oO,4
2020-02-20,Full Metal Jacket,1987,https://boxd.it/2a1Q,4
2020-02-21,The Island,2005,https://boxd.it/28qE,2.5
2020-02-25,"I, Robot",2004,https://boxd.it/27y8,3
2020-02-26,Eye in the Sky,2015,https://boxd.it/aZg4,3.5
2020-02-26,Moneyball,2011,https://boxd.it/glS,3.5
2020-02-29,Rosemary's Baby,1968,https://boxd.it/29zM,4
2020-03-03,The Wolf of Wall Street,2013,https://boxd.it/3C1m,3.5
2020-03-03,10 Cloverfield Lane,2016,https://boxd.it/aZiu,3.5
2020-03-03,12 Years a Slave,2013,https://boxd.it/2D2e,4
2020-03-03,Hunt for the Wilderpeople,2016,https://boxd.it/cTgG,3.5
2020-03-03,21 Jump Street,2012,https://boxd.it/J0,3
2020-03-03,Zombieland,2009,https://boxd.it/1En6,3
2020-03-17,A Few Good Men,1992,https://boxd.it/29nw,4
2020-03-23,The Master,2012,https://boxd.it/2cBG,4
2022-03-06,The Seventh Seal,1957,https://boxd.it/2ahO,4.5
2022-03-06,Mission: Impossible - Fallout,2018,https://boxd.it/bSVc,4
2022-07-04,Parasite,2019,https://boxd.it/hTha,4.5
2022-07-04,Jojo Rabbit,2019,https://boxd.it/iEBG,3.5
2022-07-04,It Chapter Two,2019,https://boxd.it/h10u,2.5
2022-07-04,Ready or Not,2019,https://boxd.it/kOf0,3
2022-07-04,Ant-Man and the Wasp,2018,https://boxd.it/cqUW,1.5
2022-07-04,Green Book,2018,https://boxd.it/hErk,3
2022-07-04,"Extremely Wicked, Shockingly Evil and Vile",2019,https://boxd.it/glCG,2
2022-07-04,Honeyland,2019,https://boxd.it/kL8K,4
2022-07-04,The Peanut Butter Falcon,2019,https://boxd.it/gzu2,3.5
2022-07-04,The Art of Self-Defense,2019,https://boxd.it/hf5y,3.5
2022-07-04,Good Boys,2019,https://boxd.it/iW1G,1
2022-07-04,Godzilla: King of the Monsters,2019,https://boxd.it/cY7Y,2
2022-07-04,Spider-Man: Far From Home,2019,https://boxd.it/fegG,3.5
2022-07-04,A Quiet Place,2018,https://boxd.it/fVJQ,3
2022-07-04,Avengers: Infinity War,2018,https://boxd.it/9vEe,4
2022-07-04,Annihilation,2018,https://boxd.it/9yzm,4
2022-07-04,It's a Wonderful Life,1946,https://boxd.it/28xA,4.5
2022-07-04,A Streetcar Named Desire,1951,https://boxd.it/29Mc,3
2022-07-04,Jaws,1975,https://boxd.it/2a5e,4.5
2022-07-04,Rocky,1976,https://boxd.it/28Uk,3.5
2022-07-04,This Is Spinal Tap,1984,https://boxd.it/1UOs,3
2022-07-04,The Natural,1984,https://boxd.it/1TX4,2.5
2022-07-04,Clue,1985,https://boxd.it/1MDQ,3
2022-07-04,Big Trouble in Little China,1986,https://boxd.it/21em,3
2022-07-04,Coming to America,1988,https://boxd.it/1Ygu,3
2022-07-04,Rain Man,1988,https://boxd.it/2avw,3
2022-07-04,Dirty Rotten Scoundrels,1988,https://boxd.it/1WZi,3
2022-07-04,Dead Poets Society,1989,https://boxd.it/2aSg,4
2022-07-04,Decalogue V,1989,https://boxd.it/3Wma,4
2022-07-04,The Little Mermaid,1989,https://boxd.it/1WYO,3
2022-07-04,Cape Fear,1991,https://boxd.it/28vu,3
2022-07-04,Alien³,1992,https://boxd.it/20zS,2
2022-07-04,Patriot Games,1992,https://boxd.it/1XEA,3
2022-07-04,School Ties,1992,https://boxd.it/1NAe,3
2022-07-04,The Lion King,1994,https://boxd.it/201Q,4.5
2022-07-04,Forrest Gump,1994,https://boxd.it/728,3
2022-07-04,The Shawshank Redemption,1994,https://boxd.it/2aHi,4.5
2022-07-04,Braveheart,1995,https://boxd.it/2aTI,3
2022-07-04,James and the Giant Peach,1996,https://boxd.it/1W0O,2
2022-07-04,Hercules,1997,https://boxd.it/1SDW,2.5
2022-07-04,As Good as It Gets,1997,https://boxd.it/268y,3
2022-07-04,Saving Private Ryan,1998,https://boxd.it/29ro,4
2022-07-04,Tenet,2020,https://boxd.it/leq4,3.5
2022-07-04,Creep,2014,https://boxd.it/7l4c,2.5
2022-07-04,"Salò, or the 120 Days of Sodom",1975,https://boxd.it/237s,3
2022-07-04,The Green Knight,2021,https://boxd.it/kuy2,4
2022-07-04,The Matrix,1999,https://boxd.it/2a1m,4
2022-07-04,No Country for Old Men,2007,https://boxd.it/21ew,4
2022-07-09,Kill Bill: Vol. 1,2003,https://boxd.it/70w,3.5
2022-07-16,Everything Everywhere All at Once,2022,https://boxd.it/jUk4,5
2022-07-18,The Adam Project,2022,https://boxd.it/q2Dg,2
2022-07-18,The Bad Guys,2022,https://boxd.it/nkg4,2.5
2022-07-18,Morbius,2022,https://boxd.it/j978,1
2022-07-18,Dawn of the Planet of the Apes,2014,https://boxd.it/3XyQ,2.5
2022-07-18,X-Men: Days of Future Past,2014,https://boxd.it/4aRw,3.5
2022-07-18,Guardians of the Galaxy,2014,https://boxd.it/3VH2,3.5
2022-07-18,Edge of Tomorrow,2014,https://boxd.it/4pD0,3
2022-07-18,22 Jump Street,2014,https://boxd.it/5Fvy,2.5
2022-07-18,John Wick,2014,https://boxd.it/7dEc,3.5
2022-07-18,Chef,2014,https://boxd.it/6lCG,3.5
2022-07-18,American Sniper,2014,https://boxd.it/5LDy,3
2022-07-18,The Babadook,2014,https://boxd.it/77xu,3
2022-07-18,The Maze Runner,2014,https://boxd.it/5YPM,2
2022-07-18,It Follows,2014,https://boxd.it/87wo,3.5
2022-07-18,Godzilla,2014,https://boxd.it/47OE,3.5
2022-07-18,The Interview,2014,https://boxd.it/6KQ4,1.5
2022-07-18,Unbroken,2014,https://boxd.it/6IaA,2
2022-07-18,The Amazing Spider-Man 2,2014,https://boxd.it/3utM,2
2022-07-18,Son of Batman,2014,https://boxd.it/7mQm,2.5
2022-07-18,The Hobbit: The Battle of the Five Armies,2014,https://boxd.it/43aU,2.5
2022-07-18,Divergent,2014,https://boxd.it/4VT0,1.5
2022-07-18,God's Not Dead,2014,https://boxd.it/7jAg,1
2022-07-18,Creed,2015,https://boxd.it/a2qk,3
2022-07-18,Ex Machina,2014,https://boxd.it/7T2k,4
2022-07-18,Sicario,2015,https://boxd.it/8i7u,4.5
2022-07-18,The Big Short,2015,https://boxd.it/ajZw,3.5
2022-07-18,The Revenant,2015,https://boxd.it/8H5e,4
2022-07-18,Mission: Impossible - Rogue Nation,2015,https://boxd.it/5rI4,3.5
2022-07-18,Ant-Man,2015,https://boxd.it/3vmW,2.5
2022-07-18,Everest,2015,https://boxd.it/7r7Q,2.5
2022-07-18,The Hunger Games: Mockingjay - Part 2,2015,https://boxd.it/4hk0,2.5
2022-07-18,Spectre,2015,https://boxd.it/6bXY,3
2022-07-18,Terminator Genisys,2015,https://boxd.it/35s0,1
2022-07-18,San Andreas,2015,https://boxd.it/7sUa,1
2022-07-18,Fantastic Four,2015,https://boxd.it/5a9c,2
2022-07-18,10 Things I Hate About You,1999,https://boxd.it/23AO,3
2022-07-18,Blade Runner 2049,2017,https://boxd.it/b8wK,4
2022-07-18,Harriet,2019,https://boxd.it/ijo2,2.5
2022-07-18,Thor: Ragnarok,2017,https://boxd.it/8MHi,3.5
2022-07-18,Thor: The Dark World,2013,https://boxd.it/2DqA,1
2022-07-18,Star Trek,2009,https://boxd.it/1Q6c,3
2022-07-18,The Dark Knight Rises,2012,https://boxd.it/H3m,3
2022-07-18,Batman Begins,2005,https://boxd.it/2aIg,3.5
2022-07-18,The Prestige,2006,https://boxd.it/293w,4
2022-07-18,Star Wars: Episode II - Attack of the Clones,2002,https://boxd.it/27V2,1
2022-07-18,Zoolander,2001,https://boxd.it/1YMA,3.5
2022-07-18,The Matrix Resurrections,2021,https://boxd.it/n87k,0.5
2022-07-18,Manchester by the Sea,2016,https://boxd.it/b2L0,4
2022-07-19,Fargo,1996,https://boxd.it/2aHM,3.5
2022-07-21,The Godfather,1972,https://boxd.it/2aNK,4.5
2022-07-21,There Will Be Blood,2007,https://boxd.it/20Z2,4
2022-07-21,Princess Mononoke,1997,https://boxd.it/2b4w,4.5
2022-07-21,The Thing,1982,https://boxd.it/294O,5
2022-07-21,The Incredible Hulk,2008,https://boxd.it/28dU,1.5
2022-07-21,Iron Man 3,2013,https://boxd.it/2cBQ,3
2022-07-21,Guardians of the Galaxy Vol. 2,2017,https://boxd.it/8MxC,3
2022-07-21,Captain America: Civil War,2016,https://boxd.it/89Ja,3
2022-07-21,Black Widow,2021,https://boxd.it/hWV8,3.5
2022-07-21,Spider-Man: Homecoming,2017,https://boxd.it/aboM,3
2022-07-21,Doctor Strange,2016,https://boxd.it/8MH8,2.5
2022-07-21,Spider-Man: No Way Home,2021,https://boxd.it/nwRw,3
2022-07-21,Doctor Strange in the Multiverse of Madness,2022,https://boxd.it/gaTc,1.5
2022-07-21,The Batman,2022,https://boxd.it/eDGs,4
2022-07-21,Watchmen,2009,https://boxd.it/1QE4,3
2022-07-21,Wonder Woman,2017,https://boxd.it/9roG,3
2022-07-21,Aquaman,2018,https://boxd.it/9ru0,2
2022-07-21,Man of Steel,2013,https://boxd.it/FRk,2.5
2022-07-21,Suicide Squad,2016,https://boxd.it/9row,1.5
2022-07-21,V for Vendetta,2005,https://boxd.it/29Ik,3
2022-07-22,Get Out,2017,https://boxd.it/eOCm,4.5
2022-07-22,"tick, tick...BOOM!",2021,https://boxd.it/jz2e,3
2022-07-22,Billy Madison,1995,https://boxd.it/1UQI,2
2022-07-29,Whiplash,2014,https://boxd.it/7bQA,4.5
2022-07-29,La La Land,2016,https://boxd.it/a5fa,4
2022-07-29,Freedom Writers,2007,https://boxd.it/28p2,3
2022-07-30,Office Space,1999,https://boxd.it/28Em,3
2022-07-30,Spaceballs,1987,https://boxd.it/29cy,3
2022-07-30,Logan Lucky,2017,https://boxd.it/dZrs,3.5
2022-07-30,Train to Busan,2016,https://boxd.it/dSQU,3
2022-07-31,Knives Out,2019,https://boxd.it/jWEA,3.5
2022-07-31,Inception,2010,https://boxd.it/1skk,4
2022-07-31,Once Upon a Time… in Hollywood,2019,https://boxd.it/gH0O,4
2022-07-31,The Lighthouse,2019,https://boxd.it/icFU,3.5
2022-08-02,World War Z,2013,https://boxd.it/2p2E,2.5
2022-08-04,El Camino: A Breaking Bad Movie,2019,https://boxd.it/kv0q,2.5
2022-08-04,Eurovision Song Contest: The Story of Fire Saga,2020,https://boxd.it/jkMG,2
2022-08-04,Monster House,2006,https://boxd.it/1Z2e,3
2022-08-04,Wind River,2017,https://boxd.it/dR3i,3.5
2022-08-10,"Crazy, Stupid, Love.",2011,https://boxd.it/D9A,2.5
2022-08-12,The Hunt for Red October,1990,https://boxd.it/28lk,3
2022-08-12,The Imitation Game,2014,https://boxd.it/6aig,3
2022-08-12,Flight,2012,https://boxd.it/35Ca,2.5
2022-08-12,Sully,2016,https://boxd.it/cD8Q,2
2022-08-12,Titanic,1997,https://boxd.it/2a2k,3.5
2022-08-13,Goodnight Mommy,2014,https://boxd.it/8Niy,2.5
2022-08-14,Memories of Murder,2003,https://boxd.it/1TSo,4
2022-08-19,Matilda,1996,https://boxd.it/1VhY,3
2022-08-19,Home Alone,1990,https://boxd.it/29Fg,2.5
2022-08-19,The Devil Wears Prada,2006,https://boxd.it/2awE,3
2022-08-19,Jumanji,1995,https://boxd.it/1ZLI,3
2022-08-19,Freaky Friday,2003,https://boxd.it/1WwK,2
2022-08-19,Grease,1978,https://boxd.it/29YW,3
2022-08-19,Groundhog Day,1993,https://boxd.it/2b3e,3
2022-08-19,Romeo + Juliet,1996,https://boxd.it/2ama,3
2022-08-19,The Notebook,2004,https://boxd.it/1UNE,3
2022-08-19,The Great Gatsby,2013,https://boxd.it/JY,3
2022-08-23,Portrait of a Lady on Fire,2019,https://boxd.it/jkPq,4.5
2022-08-25,Unbreakable,2000,https://boxd.it/1XV2,3
2022-09-06,American Psycho,2000,https://boxd.it/28Vs,3
2022-09-06,Lion,2016,https://boxd.it/b2La,3
2022-09-11,The Courier,2020,https://boxd.it/iX7A,2.5
2022-09-11,Bridge of Spies,2015,https://boxd.it/9n9C,3
2022-09-11,Taken,2008,https://boxd.it/1ZXa,2.5
2022-09-20,Creep 2,2017,https://boxd.it/dSEO,2
2022-09-20,Crawl,2019,https://boxd.it/iwYi,2.5
2022-09-22,Green Room,2015,https://boxd.it/a75m,3.5
2022-09-22,Rear Window,1954,https://boxd.it/2a6Q,4.5
2022-09-23,Life,2017,https://boxd.it/dRqG,2.5
2022-09-23,The Blob,1958,https://boxd.it/1ZKA,3
2022-09-23,The 5th Wave,2016,https://boxd.it/9wbi,2
2022-09-23,War of the Worlds,2005,https://boxd.it/2bde,2.5
2022-09-23,Battle: Los Angeles,2011,https://boxd.it/QIS,1
2022-09-24,Nope,2022,https://boxd.it/sDCe,4
2022-09-24,Hustle,2022,https://boxd.it/qpig,2.5
2022-09-24,Fantastic Beasts: The Secrets of Dumbledore,2022,https://boxd.it/bg8Q,1
2022-09-24,Eternals,2021,https://boxd.it/j36o,2.5
2022-09-24,Shang-Chi and the Legend of the Ten Rings,2021,https://boxd.it/kLDI,2.5
2022-09-24,The Suicide Squad,2021,https://boxd.it/fw6O,3
2022-09-24,A Christmas Story,1983,https://boxd.it/29sw,3.5
2022-09-24,The Santa Clause,1994,https://boxd.it/1TWK,1.5
2022-09-24,How the Grinch Stole Christmas,2000,https://boxd.it/1ZHQ,2.5
2022-09-24,Enemy,2013,https://boxd.it/5xtO,3.5
2022-09-25,The Terminal,2004,https://boxd.it/2a2O,2.5
2022-09-25,The Rocketeer,1991,https://boxd.it/1WIG,3
2022-09-25,Edward Scissorhands,1990,https://boxd.it/2aZc,2.5
2022-09-25,X2,2003,https://boxd.it/1a7i,3
2022-09-25,How to Lose a Guy in 10 Days,2003,https://boxd.it/1XwG,3
2022-09-25,Lilo & Stitch,2002,https://boxd.it/1TAY,3
2022-09-25,Insomnia,2002,https://boxd.it/2aB0,3
2022-09-25,Harry Potter and the Philosopher's Stone,2001,https://boxd.it/29QS,3.5
2022-09-25,X-Men,2000,https://boxd.it/1a7s,2.5
2022-09-25,The Emperor's New Groove,2000,https://boxd.it/1Tey,3
2022-09-25,Galaxy Quest,1999,https://boxd.it/29gq,2.5
2022-09-25,The Green Mile,1999,https://boxd.it/2agG,3.5
2022-09-25,Toy Story 2,1999,https://boxd.it/29qq,3
2022-09-25,Logan,2017,https://boxd.it/7Piy,4
2022-09-25,Aliens,1986,https://boxd.it/29PA,4
2022-09-25,Mad Max: Fury Road,2015,https://boxd.it/2DjO,4
2022-09-25,Inglourious Basterds,2009,https://boxd.it/1JzG,4
2022-09-25,The Empire Strikes Back,1980,https://boxd.it/27Vw,5
2022-09-25,Spider-Man: Into the Spider-Verse,2018,https://boxd.it/azpY,4
2022-09-25,Marriage Story,2019,https://boxd.it/hJAw,4
2022-09-25,Hacksaw Ridge,2016,https://boxd.it/azew,3
2022-09-25,Footloose,1984,https://boxd.it/288A,3.5
2022-09-25,Cars 3,2017,https://boxd.it/7IPq,3
2022-09-25,Cars,2006,https://boxd.it/29ho,3
2022-09-25,Aladdin,1992,https://boxd.it/29yE,3
2022-09-25,Hidden Figures,2016,https://boxd.it/dgS4,3.5
2022-09-25,The SpongeBob SquarePants Movie,2004,https://boxd.it/1SYq,3
2022-09-25,Star Trek Beyond,2016,https://boxd.it/5Ik4,3
2022-09-25,Ferris Bueller's Day Off,1986,https://boxd.it/1YPY,3.5
2022-09-25,Kung Fu Panda 2,2011,https://boxd.it/G36,3
2022-09-25,Kung Fu Panda,2008,https://boxd.it/1Yws,3.5
2022-09-25,RoboCop,1987,https://boxd.it/22Wu,3
2022-09-26,Disturbia,2007,https://boxd.it/20rk,3
2022-10-01,Halloween,1978,https://boxd.it/2wRu,3
2022-10-01,Scream,1996,https://boxd.it/24EC,2.5
2022-10-01,Cloverfield,2008,https://boxd.it/2192,2
2022-10-22,The Purge,2013,https://boxd.it/4Xg0,2.5
2022-10-22,Hellraiser,1987,https://boxd.it/1Zpi,3
2022-11-01,Overlord,2018,https://boxd.it/fAwm,2.5
2022-11-01,The Hug,2018,https://boxd.it/kamK,2
2022-11-02,Midnight Special,2016,https://boxd.it/7dmi,2.5
2022-11-02,Kung Fu Panda 3,2016,https://boxd.it/4uRQ,3
2022-11-02,Macbeth,2015,https://boxd.it/6FE8,3
2022-11-02,Transcendence,2014,https://boxd.it/4VSQ,1.5
2022-11-10,The Florida Project,2017,https://boxd.it/dMG0,4
2022-11-10,Oblivion,2013,https://boxd.it/2Bzq,2
2022-11-10,Shaun of the Dead,2004,https://boxd.it/29J8,2.5
2022-11-10,The Fugitive,1993,https://boxd.it/230G,3
2022-11-10,Blazing Saddles,1974,https://boxd.it/1UHQ,2.5
2022-11-10,Babette's Feast,1987,https://boxd.it/1SYU,4
2022-11-10,Ikiru,1952,https://boxd.it/251c,4
2022-11-10,Dune,2021,https://boxd.it/fA7G,4
2022-11-14,The Blair Witch Project,1999,https://boxd.it/26ua,3.5
2022-11-14,Downton Abbey: A New Era,2022,https://boxd.it/uUHk,2.5
2022-11-14,The Mule,2018,https://boxd.it/idcY,2.5
2022-11-14,So I Married an Axe Murderer,1993,https://boxd.it/1WfO,3
2022-11-14,Free Solo,2018,https://boxd.it/iEEq,3
2022-11-14,The Departed,2006,https://boxd.it/28MA,4
2022-11-15,Captain Fantastic,2016,https://boxd.it/b2K2,3
2022-11-15,Captain Phillips,2013,https://boxd.it/3GPK,3
2022-11-15,The Godfather: Part II,1974,https://boxd.it/2aNq,4.5
2022-11-16,"Three Billboards Outside Ebbing, Missouri",2017,https://boxd.it/ceBS,4
2022-11-16,Dumbo,2019,https://boxd.it/aNYI,2.5
2022-11-16,Kick-Ass,2010,https://boxd.it/1zaQ,3
2022-11-16,Don't Breathe,2016,https://boxd.it/9yzw,2.5
2022-11-16,Game Night,2018,https://boxd.it/fRtu,2
2022-11-16,Venom: Let There Be Carnage,2021,https://boxd.it/llco,1.5
2022-11-16,The Banshees of Inisherin,2022,https://boxd.it/p7XS,4
2022-11-17,Passengers,2016,https://boxd.it/8lFu,2.5
2022-11-17,Ad Astra,2019,https://boxd.it/ePzI,4.5
2022-11-19,National Lampoon's Christmas Vacation,1989,https://boxd.it/22wQ,3.5
2022-11-19,Elf,2003,https://boxd.it/1VyK,3
2022-11-19,Home Alone 2: Lost in New York,1992,https://boxd.it/29F6,2
2022-11-19,The Santa Clause 3: The Escape Clause,2006,https://boxd.it/1Psw,1.5
2022-11-19,The Polar Express,2004,https://boxd.it/23am,3
2022-11-19,The Nightmare Before Christmas,1993,https://boxd.it/1YzQ,3
2022-11-19,Star Wars,1977,https://boxd.it/72s,4.5
2022-11-19,It,2017,https://boxd.it/bC8e,3.5
2022-11-19,Harry Potter and the Deathly Hallows: Part 2,2011,https://boxd.it/1RYk,3
2022-11-19,Harry Potter and the Goblet of Fire,2005,https://boxd.it/29Qo,3
2022-11-19,The Hunger Games,2012,https://boxd.it/2uds,3
2022-11-19,Dunkirk,2017,https://boxd.it/d0Y6,3.5
2022-11-19,Captain America: The First Avenger,2011,https://boxd.it/28b0,2
2022-11-19,Harry Potter and the Order of the Phoenix,2007,https://boxd.it/29Qe,3
2022-11-19,Black Panther,2018,https://boxd.it/8MHs,3
2022-11-19,Joker,2019,https://boxd.it/h4cS,3.5
2022-11-19,Howl's Moving Castle,2004,https://boxd.it/23De,4
2022-11-19,Moonlight,2016,https://boxd.it/d6bE,4
2022-11-19,Raiders of the Lost Ark,1981,https://boxd.it/2bbs,4
2022-11-19,Avengers: Endgame,2019,https://boxd.it/9vE4,3.5
2022-11-19,A Hidden Life,2019,https://boxd.it/eb1Q,3
2022-11-19,Mean Girls,2004,https://boxd.it/1VNg,3
2022-11-19,Gone with the Wind,1939,https://boxd.it/29Fq,2.5
2022-11-19,Mississippi Burning,1988,https://boxd.it/28r8,3.5
2022-11-19,Finding Nemo,2003,https://boxd.it/72i,4
2022-11-19,Quantum of Solace,2008,https://boxd.it/1Vs8,2.5
2022-11-19,Hellboy,2004,https://boxd.it/28HK,2.5
2022-11-19,Hellboy II: The Golden Army,2008,https://boxd.it/1Ug6,2.5
2022-11-19,Pacific Rim,2013,https://boxd.it/2cB2,3
2022-11-20,Neon Genesis Evangelion: The End of Evangelion,1997,https://boxd.it/1GRM,4.5
2022-11-20,The Truman Show,1998,https://boxd.it/18U8,4
2022-11-20,Kingdom of Heaven,2005,https://boxd.it/28Gs,3
2022-11-20,Prometheus,2012,https://boxd.it/2s9e,2.5
2022-11-20,Black Hawk Down,2001,https://boxd.it/29rI,3
2022-11-20,Top Gun: Maverick,2022,https://boxd.it/cjr4,3.5
2022-11-20,The Black Phone,2021,https://boxd.it/sqFE,3
2022-11-22,The Lost City,2022,https://boxd.it/sg0Q,3
2022-11-22,God Forbid: The Sex Scandal That Brought Down a Dynasty,2022,https://boxd.it/CtPC,3
2022-11-22,An Inconvenient Truth,2006,https://boxd.it/289y,3
2022-11-22,A Beautiful Mind,2001,https://boxd.it/2amk,3.5
2022-11-22,The Invisible Man,2020,https://boxd.it/kWlA,3.5
2022-11-22,A Bug's Life,1998,https://boxd.it/1Yyy,3
2022-11-22,Casino Royale,2006,https://boxd.it/1alk,2.5
2022-11-22,Kong: Skull Island,2017,https://boxd.it/9ewM,2
2022-11-22,The Lego Movie,2014,https://boxd.it/4pDO,3.5
2022-11-22,The Hobbit: An Unexpected Journey,2012,https://boxd.it/GZk,3
2022-11-22,Moana,2016,https://boxd.it/8tfY,3.5
2022-11-22,The Naked Gun: From the Files of Police Squad!,1988,https://boxd.it/18YE,3.5
2022-11-22,Star Trek Into Darkness,2013,https://boxd.it/uYE,2.5
2022-11-22,Pirates of the Caribbean: Dead Men Tell No Tales,2017,https://boxd.it/5a9m,2.5
2022-11-22,The Accountant,2016,https://boxd.it/9EhI,3
2022-11-22,Lara Croft: Tomb Raider,2001,https://boxd.it/27G2,2.5
2022-11-22,Catch Me If You Can,2002,https://boxd.it/29VS,3
2022-11-22,Rocky IV,1985,https://boxd.it/28T2,3
2022-11-23,The Matrix Revolutions,2003,https://boxd.it/2a12,3
2022-11-23,The Matrix Reloaded,2003,https://boxd.it/2a1c,3
2022-11-23,Hot Rod,2007,https://boxd.it/1X9C,3.5
2022-11-23,Lady Bird,2017,https://boxd.it/dGNE,4
2022-11-26,Stalker,1979,https://boxd.it/28PO,4.5
2022-12-05,The Young and the Damned,1950,https://boxd.it/29AA,4.5
2022-12-05,The Irishman,2019,https://boxd.it/dYOq,4
2022-12-06,Persona,1966,https://boxd.it/29B4,4.5
2022-12-08,Vivarium,2019,https://boxd.it/gmVE,2.5
2022-12-08,Defaced,2007,https://boxd.it/pH6q,2
2022-12-08,Elysium,2013,https://boxd.it/2cBm,2
2022-12-08,Deadpool 2,2018,https://boxd.it/dlLM,2.5
2022-12-08,Terminator 2: Judgment Day,1991,https://boxd.it/2aGY,4
2022-12-08,The Terminator,1984,https://boxd.it/2aQY,3.5
2022-12-08,Skyfall,2012,https://boxd.it/17Fc,3.5
2022-12-08,The Man from U.N.C.L.E.,2015,https://boxd.it/67lG,2.5
2022-12-08,John Wick: Chapter 3 - Parabellum,2019,https://boxd.it/gmFw,3
2022-12-08,The Grey,2011,https://boxd.it/2xZE,2.5
2022-12-08,Con Air,1997,https://boxd.it/28gO,2.5
2022-12-08,No Time to Die,2021,https://boxd.it/cPX2,3
2022-12-08,Superfast!,2015,https://boxd.it/aAJU,2
2022-12-08,Following,1998,https://boxd.it/1Tj4,3.5
2022-12-08,Black Girl,1966,https://boxd.it/3jIQ,4
2022-12-10,The Patriot,2000,https://boxd.it/27Bw,2.5
2022-12-10,8 Mile,2002,https://boxd.it/2bew,3
2022-12-10,Father of the Bride,1991,https://boxd.it/1SWY,2.5
2022-12-10,I Am Number Four,2011,https://boxd.it/MXY,2
2022-12-10,Chronicle,2012,https://boxd.it/2Emk,3
2022-12-10,Underworld,2003,https://boxd.it/2aHs,1.5
2022-12-10,Up in the Air,2009,https://boxd.it/1zPY,2
2022-12-10,Margin Call,2011,https://boxd.it/CJ8,3
2022-12-10,Darkest Hour,2017,https://boxd.it/dZZa,3
2022-12-10,Training Day,2001,https://boxd.it/27A4,4
2022-12-10,The Social Dilemma,2020,https://boxd.it/opQI,2
2022-12-10,8½,1963,https://boxd.it/2aqm,4.5
2022-12-10,Memento,2000,https://boxd.it/2bcK,3.5
2022-12-10,The Dark Knight,2008,https://boxd.it/2b0k,4.5
2022-12-11,Three Identical Strangers,2018,https://boxd.it/hDNO,3.5
2022-12-12,Hereditary,2018,https://boxd.it/hNVe,4
2022-12-12,Columbus,2017,https://boxd.it/eCuA,4
2022-12-13,The Night House,2020,https://boxd.it/jZze,2.5
2022-12-13,Snowpiercer,2013,https://boxd.it/3Icg,4
2022-12-15,Perfect Blue,1997,https://boxd.it/1W7A,5
2022-12-16,A Girl Walks Home Alone at Night,2014,https://boxd.it/7nZE,3
2022-12-18,All Quiet on the Western Front,2022,https://boxd.it/H08,3.5
2022-12-18,Rashomon,1950,https://boxd.it/2a9K,3
2022-12-18,Beau Travail,1999,https://boxd.it/1NI8,4
2022-12-20,Decision to Leave,2022,https://boxd.it/qp9e,3.5
2022-12-20,Hercules,2014,https://boxd.it/5B7s,2
2022-12-20,Clash of the Titans,2010,https://boxd.it/1GfI,2
2022-12-20,Wrath of the Titans,2012,https://boxd.it/nlU,1.5
2022-12-20,300,2006,https://boxd.it/28XI,3
2022-12-20,The Avengers,2012,https://boxd.it/1xFW,3.5
2022-12-20,Beowulf,2007,https://boxd.it/26Xw,2
2022-12-20,King Arthur: Legend of the Sword,2017,https://boxd.it/8lDS,2
2022-12-20,Seventh Son,2014,https://boxd.it/2czq,1.5
2022-12-20,Frozen,2013,https://boxd.it/3GNa,2.5
2022-12-20,Jurassic World,2015,https://boxd.it/4n0g,2
2022-12-20,Commando,1985,https://boxd.it/1UTs,2.5
2022-12-20,Sharknado,2013,https://boxd.it/69Qc,1
2022-12-20,Justice League,2017,https://boxd.it/4w68,2
2022-12-20,Star Wars: The Rise of Skywalker,2019,https://boxd.it/5xlK,2.5
2022-12-20,John Carter,2012,https://boxd.it/FQ2,2.5
2022-12-20,2012,2009,https://boxd.it/1OE2,2.5
2022-12-20,Green Lantern,2011,https://boxd.it/QN4,1.5
2022-12-20,Transformers,2007,https://boxd.it/280c,2.5
2022-12-20,Jack and Jill,2011,https://boxd.it/2pQu,0.5
2022-12-20,Gods of Egypt,2016,https://boxd.it/6aje,0.5
2022-12-20,Left Behind,2014,https://boxd.it/6tKI,1
2022-12-20,Resident Evil,2002,https://boxd.it/28z2,2.5
2022-12-20,The Kissing Booth,2018,https://boxd.it/geR0,2
2022-12-20,"I, Frankenstein",2014,https://boxd.it/3r40,1
2022-12-20,Tall Girl,2019,https://boxd.it/n9yG,2
2022-12-20,Dune,1984,https://boxd.it/29tY,1.5
2022-12-20,Yesterday,2019,https://boxd.it/iF7M,3
2022-12-20,Olympus Has Fallen,2013,https://boxd.it/3TMY,2
2022-12-20,Pirates of the Caribbean: On Stranger Tides,2011,https://boxd.it/27Z4,2.5
2022-12-20,Spider-Man 3,2007,https://boxd.it/2a7Y,2.5
2022-12-20,Pirates of the Caribbean: At World's End,2007,https://boxd.it/2aGu,2.5
2022-12-22,Harakiri,1962,https://boxd.it/1NTU,5
2022-12-22,1917,2019,https://boxd.it/jj4y,3.5
2022-12-22,Pulp Fiction,1994,https://boxd.it/29Pq,4.5
2022-12-22,The Lion King,2019,https://boxd.it/eSjI,2
2022-12-22,Us,2019,https://boxd.it/gnV6,4
2022-12-22,Hush,2016,https://boxd.it/d5ys,2.5
2022-12-22,Gladiator,2000,https://boxd.it/2b9m,3
2022-12-22,Alien: Covenant,2017,https://boxd.it/49UY,2.5
2022-12-22,Midsommar,2019,https://boxd.it/jhxe,3.5
2022-12-22,Les Misérables,2012,https://boxd.it/2TT4,3
2022-12-22,The Hobbit: The Desolation of Smaug,2013,https://boxd.it/nmS,3
2022-12-22,The Mummy Returns,2001,https://boxd.it/28cs,2
2022-12-22,The Martian,2015,https://boxd.it/8SeG,3
2022-12-22,Avengers: Age of Ultron,2015,https://boxd.it/3qi6,2
2022-12-22,Thor,2011,https://boxd.it/1WQU,1
2022-12-22,Iron Man 2,2010,https://boxd.it/1WZM,1.5
2022-12-22,Napoleon Dynamite,2004,https://boxd.it/20wu,3.5
2022-12-22,The Dead Don't Die,2019,https://boxd.it/juZg,2.5
2022-12-22,Captain Marvel,2019,https://boxd.it/9vSA,2
2022-12-22,Rogue One: A Star Wars Story,2016,https://boxd.it/aPvy,3.5
2022-12-22,Nightcrawler,2014,https://boxd.it/780m,3.5
2022-12-22,Deadpool,2016,https://boxd.it/9fOC,2.5
2022-12-22,Captain America: The Winter Soldier,2014,https://boxd.it/3r58,3
2022-12-22,Iron Man,2008,https://boxd.it/28dA,3
2022-12-22,Star Wars: Episode I - The Phantom Menace,1999,https://boxd.it/27Vc,1.5
2022-12-22,Split,2016,https://boxd.it/dgSy,3
2022-12-22,Kingsman: The Secret Service,2014,https://boxd.it/6dxe,3
2022-12-22,Resident Evil: Retribution,2012,https://boxd.it/2qmK,2.5
2022-12-22,Batman v Superman: Dawn of Justice,2016,https://boxd.it/6fBW,2.5
2022-12-22,The Greatest Showman,2017,https://boxd.it/acjI,3
2022-12-22,Bumblebee,2018,https://boxd.it/f21O,2.5
2022-12-22,Harry Potter and the Deathly Hallows: Part 1,2010,https://boxd.it/1RYu,2.5
2022-12-22,John Wick: Chapter 2,2017,https://boxd.it/ayGu,3
2022-12-22,Solo: A Star Wars Story,2018,https://boxd.it/bGWs,2.5
2022-12-22,Black Panther: Wakanda Forever,2022,https://boxd.it/igPu,3
2022-12-23,Yi Yi,2000,https://boxd.it/1vCw,4
2022-12-24,The Witch,2015,https://boxd.it/9X0m,3.5
2022-12-25,Prisoners,2013,https://boxd.it/4E5i,4
2022-12-27,Miracle,2004,https://boxd.it/1OmM,3
2022-12-27,Bright,2017,https://boxd.it/e1H8,1.5
2022-12-27,Glass Onion: A Knives Out Mystery,2022,https://boxd.it/oCkK,2.5
2022-12-28,Akira,1988,https://boxd.it/2b1i,4
2022-12-29,Ravenous,1999,https://boxd.it/1WOa,3.5
2022-12-30,Throne of Blood,1957,https://boxd.it/251w,3.5
2022-12-30,The Handmaiden,2016,https://boxd.it/948A,3.5
2022-12-31,Land of the Lost,2009,https://boxd.it/1Htc,1.5
2022-12-31,Superbad,2007,https://boxd.it/20hO,3.5
2022-12-31,Sausage Party,2016,https://boxd.it/6CCe,1
2022-12-31,The Angry Birds Movie,2016,https://boxd.it/4PBu,2
2022-12-31,Step Brothers,2008,https://boxd.it/1SsE,3
2022-12-31,The Other Guys,2010,https://boxd.it/1rtq,2.5
2022-12-31,Blades of Glory,2007,https://boxd.it/1Xrm,3
2023-01-01,City of God,2002,https://boxd.it/2a2a,4.5
2023-01-01,A Ghost Story,2017,https://boxd.it/fb0K,3
2023-01-02,The Last Dance,2020,https://boxd.it/pVfc,3.5
2023-01-02,Psycho,1960,https://boxd.it/2ab2,4
2023-01-02,The Mission,1986,https://boxd.it/1TTw,3.5
2023-01-02,Suspiria,1977,https://boxd.it/1SNW,2.5
2023-01-03,The Two Popes,2019,https://boxd.it/k8Xk,3.5
2023-01-03,The Northman,2022,https://boxd.it/nK2s,3.5
2023-01-04,Jerry Maguire,1996,https://boxd.it/1YNS,2.5
2023-01-04,Emma.,2020,https://boxd.it/kmg0,3
2023-01-05,Antwone Fisher,2002,https://boxd.it/1QbG,3
2023-01-05,Le Bonheur,1965,https://boxd.it/xyk,4
2023-01-06,"Argentina, 1985",2022,https://boxd.it/qLxM,4
2023-01-07,The Hunt,2020,https://boxd.it/iE9i,3
2023-01-08,Bolt,2008,https://boxd.it/1QXg,3
2023-01-08,Cinema Paradiso,1988,https://boxd.it/1UlA,4
2023-01-10,The Meyerowitz Stories (New and Selected),2017,https://boxd.it/dSp0,3.5
2023-01-10,X-Men Origins: Wolverine,2009,https://boxd.it/27ug,2
2023-01-10,The Happening,2008,https://boxd.it/200o,1.5
2023-01-10,X-Men: First Class,2011,https://boxd.it/FOA,3
2023-01-10,Starship Troopers,1997,https://boxd.it/2a7k,3.5
2023-01-10,Ice Age: The Meltdown,2006,https://boxd.it/2wRk,3
2023-01-10,The Wolverine,2013,https://boxd.it/2CWU,2.5
2023-01-10,Fantastic Four: Rise of the Silver Surfer,2007,https://boxd.it/27Ii,2
2023-01-10,Rise of the Planet of the Apes,2011,https://boxd.it/cS4,3
2023-01-10,Fantastic Four,2005,https://boxd.it/1XVw,2.5
2023-01-10,Independence Day: Resurgence,2016,https://boxd.it/JwK,2
2023-01-10,Finding Dory,2016,https://boxd.it/4aAA,3
2023-01-10,The Founder,2016,https://boxd.it/9XwM,3
2023-01-10,Beasts of the Southern Wild,2012,https://boxd.it/2XPK,3.5
2023-01-10,Night at the Museum: Battle of the Smithsonian,2009,https://boxd.it/1H7U,1.5
2023-01-10,Cloudy with a Chance of Meatballs,2009,https://boxd.it/1A40,3
2023-01-10,Monsters University,2013,https://boxd.it/bQm,3
2023-01-10,Minority Report,2002,https://boxd.it/2aWi,3.5
2023-01-10,Kingsman: The Golden Circle,2017,https://boxd.it/buJm,3
2023-01-10,Blair Witch,2016,https://boxd.it/bO28,2
2023-01-10,Rambo: Last Blood,2019,https://boxd.it/iYPy,2
2023-01-10,Searching,2018,https://boxd.it/hDPg,3
2023-01-10,Incredibles 2,2018,https://boxd.it/7IPg,3.5
2023-01-10,The Trial of the Chicago 7,2020,https://boxd.it/kn3w,3.5
2023-01-10,The King of Comedy,1982,https://boxd.it/2aJS,4.5
2023-01-10,Icarus,2017,https://boxd.it/fmje,3.5
2023-01-11,Reservoir Dogs,1992,https://boxd.it/2agc,3.5
2023-01-12,The Last Black Man in San Francisco,2019,https://boxd.it/iWAw,4
2023-01-12,Suspiria,2018,https://boxd.it/cioI,3.5
2023-01-12,Star Wars: The Force Awakens,2015,https://boxd.it/4vru,3.5
2023-01-12,The Karate Kid,1984,https://boxd.it/27Wk,3.5
2023-01-12,Return of the Jedi,1983,https://boxd.it/27Vm,3.5
2023-01-12,The Ascent,1977,https://boxd.it/Eew,4
2023-01-12,I Am Legend,2007,https://boxd.it/21DG,3
2023-01-12,Pee-wee's Big Adventure,1985,https://boxd.it/22Lw,3
2023-01-12,Django Unchained,2012,https://boxd.it/2cCk,4
2023-01-12,UHF,1989,https://boxd.it/1SFI,4
2023-01-12,Megamind,2010,https://boxd.it/16Sk,2.5
2023-01-12,Hot Fuzz,2007,https://boxd.it/2416,3
2023-01-13,Super 8,2011,https://boxd.it/dVI,3.5
2023-01-14,American Made,2017,https://boxd.it/bb66,3
2023-01-14,The Shape of Water,2017,https://boxd.it/dZ5m,3
2023-01-15,After Yang,2021,https://boxd.it/lx5a,4
2023-01-15,The Hateful Eight,2015,https://boxd.it/8gw8,3.5
2023-01-15,Seabiscuit,2003,https://boxd.it/24iw,3
2023-01-16,Dr. Strangelove or: How I Learned to Stop Worrying and Love the Bomb,1964,https://boxd.it/29eY,3.5
2023-01-17,The Whale,2022,https://boxd.it/tw4c,4
2023-01-18,The Hundred-Foot Journey,2014,https://boxd.it/6JBi,3.5
2023-01-18,Before Sunrise,1995,https://boxd.it/2bcU,3.5
2023-01-20,Bicycle Thieves,1948,https://boxd.it/23hW,3.5
2023-01-22,Little Women,2019,https://boxd.it/aSVk,4
2023-01-23,Back to the Future,1985,https://boxd.it/2b8e,3
2023-01-25,Dancing with the Birds,2019,https://boxd.it/nwlq,4
2023-01-25,Paths of Glory,1957,https://boxd.it/29b6,4.5
2023-01-26,The Producers,2005,https://boxd.it/1XzU,3.5
2023-01-26,Children of the Corn,1984,https://boxd.it/1ViW,2.5
2023-01-26,Petite Maman,2021,https://boxd.it/s6je,4.5
2023-01-27,Phantom Thread,2017,https://boxd.it/e4uc,3.5
2023-01-27,"The Good, the Bad and the Ugly",1966,https://boxd.it/2ape,5
2023-01-28,The Nevadan,1950,https://boxd.it/Nlm,3
2023-01-29,One Night in Miami...,2020,https://boxd.it/oCUo,3.5
2023-01-30,RRR,2022,https://boxd.it/ljDs,3.5
2023-01-30,La Haine,1995,https://boxd.it/2as8,4.5
2023-01-30,X,2022,https://boxd.it/sxVa,2.5
2023-01-31,Fight Club,1999,https://boxd.it/2a9q,4.5
